Year,Scenario,name,M,L,U
2024,Baseline,AvtInc,0,0,0
2024,Baseline,AvtMor,0,0,0
2024,CombinePPM_Hi,AvtInc,0,0,0
2024,CombinePPM_Hi,AvtMor,0,0,0
2024,CombinePPM_Lo,AvtInc,0,0,0
2024,CombinePPM_Lo,AvtMor,0,0,0
2024,Combine_Hi,AvtInc,0,0,0
2024,Combine_Hi,AvtMor,0,0,0
2024,Combine_Lo,AvtInc,0,0,0
2024,Combine_Lo,AvtMor,0,0,0
2024,DxPPM_POC,AvtInc,0,0,0
2024,DxPPM_POC,AvtMor,0,0,0
2024,DxPPM_POC_Hi,AvtInc,0,0,0
2024,DxPPM_POC_Hi,AvtMor,0,0,0
2024,DxPPM_TSwab,AvtInc,0,0,0
2024,DxPPM_TSwab,AvtMor,0,0,0
2024,Dx_POC,AvtInc,0,0,0
2024,Dx_POC,AvtMor,0,0,0
2024,Dx_POC_Hi,AvtInc,0,0,0
2024,Dx_POC_Hi,AvtMor,0,0,0
2024,Dx_TSwab,AvtInc,0,0,0
2024,Dx_TSwab,AvtMor,0,0,0
2024,Mass_NAAT_20,AvtInc,0,0,0
2024,Mass_NAAT_20,AvtMor,0,0,0
2024,Mass_Xray_10,AvtInc,0,0,0
2024,Mass_Xray_10,AvtMor,0,0,0
2024,TxPPM_LA-INJ,AvtInc,0,0,0
2024,TxPPM_LA-INJ,AvtMor,0,0,0
2024,TxPPM_PAN-TB,AvtInc,0,0,0
2024,TxPPM_PAN-TB,AvtMor,0,0,0
2024,Tx_LA-INJ,AvtInc,0,0,0
2024,Tx_LA-INJ,AvtMor,0,0,0
2024,Tx_PAN-TB,AvtInc,0,0,0
2024,Tx_PAN-TB,AvtMor,0,0,0
2024,Vac_BCG,AvtInc,0,0,0
2024,Vac_BCG,AvtMor,0,0,0
2024,Vac_BCG-M72,AvtInc,0,0,0
2024,Vac_BCG-M72,AvtMor,0,0,0
2024,Vac_M72,AvtInc,0,0,0
2024,Vac_M72,AvtMor,0,0,0
2024,Vac_Recurrence,AvtInc,0,0,0
2024,Vac_Recurrence,AvtMor,0,0,0
2025,Baseline,AvtInc,0,0,0
2025,Baseline,AvtMor,0,0,0
2025,CombinePPM_Hi,AvtInc,5.09481654681997e-4,4.641598214355987e-4,5.616970041019714e-4
2025,CombinePPM_Hi,AvtMor,0.0034884955852328417,0.0029069594685887205,0.003992116501977236
2025,CombinePPM_Lo,AvtInc,2.9133472963472273e-4,2.6752561927971595e-4,3.2140388362969995e-4
2025,CombinePPM_Lo,AvtMor,0.001993329662192221,0.001656160582831666,0.0022778550260833044
2025,Combine_Hi,AvtInc,4.993654263339457e-4,4.521046208869494e-4,5.417251090846662e-4
2025,Combine_Hi,AvtMor,0.0034722982609006713,0.00289459055695724,0.003955264553959099
2025,Combine_Lo,AvtInc,2.7999541682729783e-4,2.5670483330390327e-4,3.060713294594957e-4
2025,Combine_Lo,AvtMor,0.0019761235779006837,0.0016441222473851424,0.002239441395943609
2025,DxPPM_POC,AvtInc,4.1826759088337245e-4,2.90299203225437e-4,5.390056348532018e-4
2025,DxPPM_POC,AvtMor,0.002027274254153215,0.0014650210878960734,0.0026640518610776074
2025,DxPPM_POC_Hi,AvtInc,3.01718328913769e-4,1.4087128419209118e-4,4.6532101567808674e-4
2025,DxPPM_POC_Hi,AvtMor,0.0014685151233763004,7.000803786030277e-4,0.0022567791931724568
2025,DxPPM_TSwab,AvtInc,2.03836891980272e-5,1.12649683711151e-5,3.602432145539619e-5
2025,DxPPM_TSwab,AvtMor,6.53066359239422e-5,1.999822794936489e-5,1.1712719491550783e-4
2025,Dx_POC,AvtInc,3.9800890336609383e-4,2.730529903176479e-4,5.159901515212905e-4
2025,Dx_POC,AvtMor,0.0019525858695728887,0.0014216044759586984,0.0025619493460633065
2025,Dx_POC_Hi,AvtInc,2.892936804197194e-4,1.3597900926513374e-4,4.326592374142392e-4
2025,Dx_POC_Hi,AvtMor,0.0013748177301696107,6.804313934950159e-4,0.0021764502619074652
2025,Dx_TSwab,AvtInc,1.197388719355216e-5,6.310417613774001e-6,1.7095125934678692e-5
2025,Dx_TSwab,AvtMor,4.9222995350612896e-5,2.5262680962310882e-5,6.820731192340111e-5
2025,Mass_NAAT_20,AvtInc,4.876401917590989e-4,4.3798688851075473e-4,5.258123046519214e-4
2025,Mass_NAAT_20,AvtMor,0.003425546576370512,0.0028601738598923155,0.003898753283937014
2025,Mass_Xray_10,AvtInc,2.7329174657584774e-4,2.4559601041000874e-4,2.9483118509634814e-4
2025,Mass_Xray_10,AvtMor,0.0019202180561427942,0.0016008442346326197,0.0021882257486815384
2025,TxPPM_LA-INJ,AvtInc,6.579604504632641e-6,1.0870078897460437e-7,2.0615869164124094e-5
2025,TxPPM_LA-INJ,AvtMor,1.3920804610431084e-6,-8.850559284724056e-6,6.413598230851686e-5
2025,TxPPM_PAN-TB,AvtInc,6.579604504632641e-6,1.0870078897460437e-7,2.0615869164124094e-5
2025,TxPPM_PAN-TB,AvtMor,1.3920804610431084e-6,-8.850559284724056e-6,6.413598230851686e-5
2025,Tx_LA-INJ,AvtInc,0,0,0
2025,Tx_LA-INJ,AvtMor,0,0,0
2025,Tx_PAN-TB,AvtInc,0,0,0
2025,Tx_PAN-TB,AvtMor,0,0,0
2025,Vac_BCG,AvtInc,-8.995311452002295e-7,-3.4302552464312724e-6,5.411913017798829e-10
2025,Vac_BCG,AvtMor,0,-3.575407523877641e-7,1.902482523827348e-7
2025,Vac_BCG-M72,AvtInc,0,0,0
2025,Vac_BCG-M72,AvtMor,0,0,0
2025,Vac_M72,AvtInc,0,0,0
2025,Vac_M72,AvtMor,0,0,0
2025,Vac_Recurrence,AvtInc,0,0,0
2025,Vac_Recurrence,AvtMor,0,0,0
2026,Baseline,AvtInc,0,0,0
2026,Baseline,AvtMor,0,0,0
2026,CombinePPM_Hi,AvtInc,0.003349949778623104,0.0030479320936208747,0.003705049899775851
2026,CombinePPM_Hi,AvtMor,0.013927257307327478,0.012070770380500698,0.01564973027907489
2026,CombinePPM_Lo,AvtInc,0.002812378575442788,0.0025636444130294274,0.0031139205401984975
2026,CombinePPM_Lo,AvtMor,0.008188067981679915,0.007101810584656005,0.009204187127378817
2026,Combine_Hi,AvtInc,0.0032913925235514493,0.0029785949736736883,0.0036248293060834537
2026,Combine_Hi,AvtMor,0.013821671268640192,0.012099157503975135,0.01545137242067186
2026,Combine_Lo,AvtInc,0.002759766463056545,0.0025043310200684767,0.0030244985296982605
2026,Combine_Lo,AvtMor,0.00806934895418584,0.007071735136875885,0.0090629475969513
2026,DxPPM_POC,AvtInc,0.0022737873774665556,0.0015542137285690445,0.0028729877758710753
2026,DxPPM_POC,AvtMor,0.006960081296615997,0.004970197108943501,0.00911489534100735
2026,DxPPM_POC_Hi,AvtInc,0.00165666492295361,7.676569287182908e-4,0.00243423620842191
2026,DxPPM_POC_Hi,AvtMor,0.005062535241601076,0.0023985226021105556,0.007530841866945205
2026,DxPPM_TSwab,AvtInc,1.1004152704630302e-4,6.0815193810136356e-5,1.9428773778724785e-4
2026,DxPPM_TSwab,AvtMor,2.312089544090542e-4,7.520915899680516e-5,4.13928881889881e-4
2026,Dx_POC,AvtInc,0.0021278405069444493,0.0014494272562515262,0.0027082900675729944
2026,Dx_POC,AvtMor,0.006542611748412384,0.0047285230527849545,0.008517689054260393
2026,Dx_POC_Hi,AvtInc,0.0015428156326148731,7.179165649211508e-4,0.0022400598871567534
2026,Dx_POC_Hi,AvtMor,0.004570635626373586,0.0022941508830148474,0.007059479154515734
2026,Dx_TSwab,AvtInc,6.448278354991181e-5,3.294772392718425e-5,9.107621333217278e-5
2026,Dx_TSwab,AvtMor,1.7236782198642054e-4,8.688084357374079e-5,2.3820503584239973e-4
2026,Mass_NAAT_20,AvtInc,0.003231806448914269,0.0029296544691434457,0.003543580855518293
2026,Mass_NAAT_20,AvtMor,0.013652012972319143,0.011882879163902262,0.015267305088624606
2026,Mass_Xray_10,AvtInc,0.0018250259007891222,0.0016553291350032812,0.002001760746289729
2026,Mass_Xray_10,AvtMor,0.007735689355244799,0.006729023884793256,0.008654611813050677
2026,TxPPM_LA-INJ,AvtInc,3.677048590709538e-5,6.694584967298389e-7,1.1451036626721468e-4
2026,TxPPM_LA-INJ,AvtMor,1.0145308958162038e-5,-2.618986838361076e-5,2.22761244139066e-4
2026,TxPPM_PAN-TB,AvtInc,3.677048590709538e-5,6.694584967298389e-7,1.1451036626721468e-4
2026,TxPPM_PAN-TB,AvtMor,1.0145308958162038e-5,-2.618986838361076e-5,2.22761244139066e-4
2026,Tx_LA-INJ,AvtInc,0,0,0
2026,Tx_LA-INJ,AvtMor,0,0,0
2026,Tx_PAN-TB,AvtInc,0,0,0
2026,Tx_PAN-TB,AvtMor,0,0,0
2026,Vac_BCG,AvtInc,8.968508829784233e-4,8.046309889636827e-4,9.92641595880284e-4
2026,Vac_BCG,AvtMor,1.8404588674960455e-4,1.597343117467493e-4,2.053936355140302e-4
2026,Vac_BCG-M72,AvtInc,0,0,0
2026,Vac_BCG-M72,AvtMor,0,0,0
2026,Vac_M72,AvtInc,0,0,0
2026,Vac_M72,AvtMor,0,0,0
2026,Vac_Recurrence,AvtInc,0,0,0
2026,Vac_Recurrence,AvtMor,0,0,0
2027,Baseline,AvtInc,0,0,0
2027,Baseline,AvtMor,0,0,0
2027,CombinePPM_Hi,AvtInc,0.010043011557982644,0.009063181260683104,0.011080951609609587
2027,CombinePPM_Hi,AvtMor,0.031118697633583402,0.027919617175411936,0.03428697365007696
2027,CombinePPM_Lo,AvtInc,0.01050159940208641,0.009584725491452653,0.011635938095584048
2027,CombinePPM_Lo,AvtMor,0.019692821526334267,0.017627591906681873,0.0217211768999565
2027,Combine_Hi,AvtInc,0.009898160318804458,0.008914554321248633,0.0108959335191809
2027,Combine_Hi,AvtMor,0.030836879489544923,0.02779196586715032,0.03401885229251615
2027,Combine_Lo,AvtInc,0.010409952295452413,0.009408222436056213,0.011398738516478159
2027,Combine_Lo,AvtMor,0.019357004913270352,0.01754243550832603,0.021411053251398887
2027,DxPPM_POC,AvtInc,0.006049246390799587,0.00414430786773972,0.0075453837054985425
2027,DxPPM_POC,AvtMor,0.014129234600214487,0.01008186629089806,0.018102301297057453
2027,DxPPM_POC_Hi,AvtInc,0.00439275652667458,0.0020605565604233994,0.006215719106574471
2027,DxPPM_POC_Hi,AvtMor,0.01007563163273591,0.004875553061915415,0.01502167958679377
2027,DxPPM_TSwab,AvtInc,2.950856248330584e-4,1.6397965203489398e-4,5.2687954544168e-4
2027,DxPPM_TSwab,AvtMor,4.909251110436937e-4,1.8009824333030484e-4,8.824452345671188e-4
2027,Dx_POC,AvtInc,0.005536520918755866,0.0038054508675268994,0.0070679449190689
2027,Dx_POC,AvtMor,0.013082880067215329,0.009546912487732432,0.01671820315881476
2027,Dx_POC_Hi,AvtInc,0.00397791938355598,0.0018757296121217327,0.005725009951519872
2027,Dx_POC_Hi,AvtMor,0.009184351676636632,0.0046359072220589085,0.013708751243845494
2027,Dx_TSwab,AvtInc,1.7348275497648425e-4,8.743702989689412e-5,2.4449852030704517e-4
2027,Dx_TSwab,AvtMor,3.590781780301609e-4,1.8122765943189923e-4,0.00049194673170233755
2027,Mass_NAAT_20,AvtInc,0.009724699272983214,0.008780122040669516,0.010711385679328791
2027,Mass_NAAT_20,AvtMor,0.03050831191797046,0.027538952765016715,0.033673021409472675
2027,Mass_Xray_10,AvtInc,0.005546232831794066,0.005004343171083717,0.006110185060734112
2027,Mass_Xray_10,AvtMor,0.017475276536009846,0.015744987674901966,0.01930016874583506
2027,TxPPM_LA-INJ,AvtInc,1.0101643752269857e-4,2.5905372987698145e-6,3.073363829762797e-4
2027,TxPPM_LA-INJ,AvtMor,3.839616912591685e-5,-2.0661438948212983e-5,4.5547274151535634e-4
2027,TxPPM_PAN-TB,AvtInc,1.0102018621932126e-4,2.5883413366896486e-6,3.073384702490638e-4
2027,TxPPM_PAN-TB,AvtMor,3.838155677651553e-5,-2.0686740322663495e-5,4.554716640956619e-4
2027,Tx_LA-INJ,AvtInc,0,0,0
2027,Tx_LA-INJ,AvtMor,0,0,0
2027,Tx_PAN-TB,AvtInc,-1.0301764821901895e-9,-5.043936633485566e-9,8.043796228026768e-10
2027,Tx_PAN-TB,AvtMor,-3.481580976852381e-10,-1.4705359857267084e-8,6.5128870421815986e-9
2027,Vac_BCG,AvtInc,0.00491998296784602,0.004424279098643366,0.00547081174426948
2027,Vac_BCG,AvtMor,0.0016917089239939609,0.0014983193786698376,0.001896840889365543
2027,Vac_BCG-M72,AvtInc,6.411686732215476e-6,-3.43674333670818e-5,3.273651695342321e-5
2027,Vac_BCG-M72,AvtMor,-1.6515391411123396e-6,-5.136579152531397e-6,-4.4176519241769985e-8
2027,Vac_M72,AvtInc,6.49018056233872e-6,-3.31371203216372e-5,3.240624643984339e-5
2027,Vac_M72,AvtMor,-1.6608192315427283e-6,-5.081300122398881e-6,-6.622591501460826e-8
2027,Vac_Recurrence,AvtInc,1.4006397737522753e-6,-3.201086119781502e-6,4.037323677244399e-6
2027,Vac_Recurrence,AvtMor,-1.647956737422096e-7,-5.193379536899516e-7,1.109499338300017e-8
2028,Baseline,AvtInc,0,0,0
2028,Baseline,AvtMor,0,0,0
2028,CombinePPM_Hi,AvtInc,0.029591679000413887,0.026955317891696706,0.03210233494478592
2028,CombinePPM_Hi,AvtMor,0.05249179969698975,0.04767374643718538,0.05724462944537001
2028,CombinePPM_Lo,AvtInc,0.023798415359560482,0.02146929115889813,0.026230405002338954
2028,CombinePPM_Lo,AvtMor,0.03476199371517084,0.03154871818911178,0.03787834447883493
2028,Combine_Hi,AvtInc,0.02929474828168578,0.026621245663448524,0.03173821815889501
2028,Combine_Hi,AvtMor,0.05197931648060146,0.04758777592709269,0.05688478788672979
2028,Combine_Lo,AvtInc,0.023561579526010235,0.02122043571728952,0.025949346740642584
2028,Combine_Lo,AvtMor,0.034303742244255996,0.031340396924998876,0.03764995880908881
2028,DxPPM_POC,AvtInc,0.010899559807773004,0.007503858374409764,0.013625459998366694
2028,DxPPM_POC,AvtMor,0.021342363644227962,0.015137520343694182,0.026944666156735058
2028,DxPPM_POC_Hi,AvtInc,0.007940290135697284,0.003698856752174399,0.011082381828053007
2028,DxPPM_POC_Hi,AvtMor,0.015409130687398584,0.007514598482035317,0.022145377353825754
2028,DxPPM_TSwab,AvtInc,5.396564164710657e-4,2.9998122010938016e-4,9.653220342517522e-4
2028,DxPPM_TSwab,AvtMor,7.886941593524344e-4,3.1714556330819676e-4,0.0014155011338148845
2028,Dx_POC,AvtInc,0.009896793012611663,0.00686464999759069,0.012551147470619953
2028,Dx_POC,AvtMor,0.019402283574141206,0.014344004610535315,0.024836079838667306
2028,Dx_POC_Hi,AvtInc,0.007173617925345236,0.0034322640129565507,0.010132311912544262
2028,Dx_POC_Hi,AvtMor,0.013717798735250428,0.006997339166453936,0.020409856760621355
2028,Dx_TSwab,AvtInc,3.1254161276208874e-4,1.6260340106598792e-4,4.457793265210358e-4
2028,Dx_TSwab,AvtMor,5.567293343461677e-4,2.869650134524509e-4,7.614484911855209e-4
2028,Mass_NAAT_20,AvtInc,0.01940493937697571,0.01740915433442493,0.02148167271321863
2028,Mass_NAAT_20,AvtMor,0.04905015698913104,0.04492157992373097,0.053770660745657936
2028,Mass_Xray_10,AvtInc,0.011152416677340241,0.010016814070559505,0.012366874832112698
2028,Mass_Xray_10,AvtMor,0.02839627096536708,0.025942570453096694,0.03109719792386428
2028,TxPPM_LA-INJ,AvtInc,1.887134648828539e-4,4.898735779877896e-6,5.664558262551816e-4
2028,TxPPM_LA-INJ,AvtMor,9.845311279492569e-5,-3.356203117371001e-6,7.133260093176167e-4
2028,TxPPM_PAN-TB,AvtInc,1.9156946786614632e-4,7.625034838110461e-6,5.69526424499188e-4
2028,TxPPM_PAN-TB,AvtMor,1.0396047507052182e-4,2.8880970896166674e-6,7.174573447662045e-4
2028,Tx_LA-INJ,AvtInc,0,0,0
2028,Tx_LA-INJ,AvtMor,0,0,0
2028,Tx_PAN-TB,AvtInc,2.881511087159837e-6,2.661554068635964e-6,3.213919555183521e-6
2028,Tx_PAN-TB,AvtMor,5.523550635843538e-6,4.38367383554053e-6,6.466122440811031e-6
2028,Vac_BCG,AvtInc,0.012947257084076961,0.011572898581660225,0.014402227136869197
2028,Vac_BCG,AvtMor,0.005927502107105489,0.00522236908234193,0.006698178113563642
2028,Vac_BCG-M72,AvtInc,0.010494172671508675,0.009809015796476568,0.011168325295692968
2028,Vac_BCG-M72,AvtMor,0.002705381310010476,0.002475508470080218,0.002923560428503129
2028,Vac_M72,AvtInc,0.010187717058198282,0.009525465924344317,0.010820439174989992
2028,Vac_M72,AvtMor,0.0026375163216962086,0.0024161691619511596,0.0028504016513252344
2028,Vac_Recurrence,AvtInc,0.0011145541315623173,0.0010250304976014708,0.0012264202552040861
2028,Vac_Recurrence,AvtMor,2.884293789189601e-4,2.6213904325094497e-4,3.186073410747347e-4
2029,Baseline,AvtInc,0,0,0
2029,Baseline,AvtMor,0,0,0
2029,CombinePPM_Hi,AvtInc,0.06994997410454762,0.06407585668219212,0.07485304019763367
2029,CombinePPM_Hi,AvtMor,0.08226687679218841,0.07571662372830698,0.0889124207883728
2029,CombinePPM_Lo,AvtInc,0.03987926633721126,0.03580647409369912,0.04412262755524878
2029,CombinePPM_Lo,AvtMor,0.05141978465338359,0.046977279247265497,0.056079215526490186
2029,Combine_Hi,AvtInc,0.06967802034875488,0.0636596906174868,0.07444803239878055
2029,Combine_Hi,AvtMor,0.0818437861360655,0.07545234780320967,0.08858275329908064
2029,Combine_Lo,AvtInc,0.039571157779923455,0.03528770634002763,0.043581163178402785
2029,Combine_Lo,AvtMor,0.05086876105810503,0.04680478699257351,0.05527398415096497
2029,DxPPM_POC,AvtInc,0.015938632855535782,0.010905272024254472,0.019895712147277044
2029,DxPPM_POC,AvtMor,0.027913931649976926,0.0194877522945758,0.03469894218904965
2029,DxPPM_POC_Hi,AvtInc,0.01162549535285144,0.005411599600011213,0.016123984962037465
2029,DxPPM_POC_Hi,AvtMor,0.01995011961176709,0.00985164207783208,0.02865882955688826
2029,DxPPM_TSwab,AvtInc,8.016542645156642e-4,4.5168711338953646e-4,0.0014330576786542198
2029,DxPPM_TSwab,AvtMor,0.0010640270210989788,4.5626757271955754e-4,0.0019522417817040977
2029,Dx_POC,AvtInc,0.014439089869280903,0.010036146450410025,0.018367038575059207
2029,Dx_POC,AvtMor,0.024951260640406942,0.018467625168268654,0.03204735534600255
2029,Dx_POC_Hi,AvtInc,0.010474006951410843,0.005017079044653148,0.014726885585485409
2029,Dx_POC_Hi,AvtMor,0.017440296665917964,0.009066304316448514,0.0263896877434566
2029,Dx_TSwab,AvtInc,4.597478822710633e-4,2.4118925796600663e-4,6.57322299583931e-4
2029,Dx_TSwab,AvtMor,7.321929273043991e-4,3.8418672504734997e-4,0.0010157452656577035
2029,Mass_NAAT_20,AvtInc,0.03046995971492679,0.027328785693921602,0.0339622773798329
2029,Mass_NAAT_20,AvtMor,0.0663192165057031,0.060658636596977254,0.07231174459599204
2029,Mass_Xray_10,AvtInc,0.01765085626662638,0.015833349716181378,0.019683610778470438
2029,Mass_Xray_10,AvtMor,0.03867560906318403,0.03531531287879637,0.04219626840850147
2029,TxPPM_LA-INJ,AvtInc,2.8354618179781993e-4,8.91879779972312e-6,8.387676680361049e-4
2029,TxPPM_LA-INJ,AvtMor,1.6058531764287544e-4,-5.834728545140839e-9,9.710556034066155e-4
2029,TxPPM_PAN-TB,AvtInc,3.037238287632385e-4,3.2849497535602076e-5,8.608207296817898e-4
2029,TxPPM_PAN-TB,AvtMor,1.957959397310013e-4,2.4560449991976538e-5,0.00100076118652244
2029,Tx_LA-INJ,AvtInc,-3.993746309305571e-10,-1.6383503221664477e-9,8.855371046832286e-11
2029,Tx_LA-INJ,AvtMor,-8.808977143981456e-11,-3.2799770737489364e-09,1.2505822570541598e-9
2029,Tx_PAN-TB,AvtInc,2.111313145558576e-5,1.9360061457644696e-5,2.3763846309056553e-5
2029,Tx_PAN-TB,AvtMor,3.142352743791516e-5,2.6512606508134568e-5,3.608435575873078e-5
2029,Vac_BCG,AvtInc,0.02325455418740415,0.020710742397801574,0.02591091726366642
2029,Vac_BCG,AvtMor,0.012907664610741774,0.0113478944506742,0.01456507606360362
2029,Vac_BCG-M72,AvtInc,0.0429102645302182,0.039794866206496256,0.04608375795637559
2029,Vac_BCG-M72,AvtMor,0.017132828347688794,0.01555877334427264,0.018446471349546155
2029,Vac_M72,AvtInc,0.04148972009622251,0.03850532863706263,0.04432623292141019
2029,Vac_M72,AvtMor,0.01658410415000189,0.015105530650918658,0.017820629765901524
2029,Vac_Recurrence,AvtInc,0.004699007579457491,0.004301252220568548,0.005139645226662491
2029,Vac_Recurrence,AvtMor,0.0018457093459897692,0.001686995662852769,0.0020248558195646023
2030,Baseline,AvtInc,0,0,0
2030,Baseline,AvtMor,0,0,0
2030,CombinePPM_Hi,AvtInc,0.12069057911234596,0.11089649070876603,0.12966281723918605
2030,CombinePPM_Hi,AvtMor,0.12231561005950868,0.11324287419532236,0.13179566044715182
2030,CombinePPM_Lo,AvtInc,0.056328652832867455,0.05021279038616922,0.062402382168351526
2030,CombinePPM_Lo,AvtMor,0.06843673101165626,0.0625442136010614,0.07482850819671101
2030,Combine_Hi,AvtInc,0.12021188860850418,0.11066867115144477,0.12922693226461823
2030,Combine_Hi,AvtMor,0.12161759111538734,0.11294058011108732,0.13121238277044828
2030,Combine_Lo,AvtInc,0.05609302808009487,0.049643882369373574,0.061814156340625134
2030,Combine_Lo,AvtMor,0.06797591711068429,0.06218156186678879,0.07405550454813173
2030,DxPPM_POC,AvtInc,0.02076035840680883,0.014278262710902653,0.025864492993826208
2030,DxPPM_POC,AvtMor,0.03353166952165882,0.023606527774061806,0.04138281967430735
2030,DxPPM_POC_Hi,AvtInc,0.015079816336566531,0.007181341698644046,0.020895720490813705
2030,DxPPM_POC_Hi,AvtMor,0.02373304249235189,0.011689353088523615,0.03427900842578038
2030,DxPPM_TSwab,AvtInc,0.0010678294465048884,6.023595971680524e-4,0.0019256463010931273
2030,DxPPM_TSwab,AvtMor,0.0013389851073366728,6.218348315330086e-4,0.0024499883357722357
2030,Dx_POC,AvtInc,0.01875556889711604,0.013129948624971442,0.02393409836840076
2030,Dx_POC,AvtMor,0.029868064415884972,0.022080058984098896,0.03837564571225671
2030,Dx_POC_Hi,AvtInc,0.013738408612524202,0.006565379308663634,0.019060682599529036
2030,Dx_POC_Hi,AvtMor,0.02112421445751396,0.011025264742426448,0.03141376024622626
2030,Dx_TSwab,AvtInc,6.034666412994898e-4,3.168890164961814e-4,8.574066887524019e-4
2030,Dx_TSwab,AvtMor,9.062360043204484e-4,4.696092611640884e-4,0.0012562851934967841
2030,Mass_NAAT_20,AvtInc,0.04174806626016982,0.03711935525913581,0.04669459524652133
2030,Mass_NAAT_20,AvtMor,0.08135387908138202,0.07497709304673969,0.08899022387501701
2030,Mass_Xray_10,AvtInc,0.024322570277298013,0.021645633242650987,0.027255718039431075
2030,Mass_Xray_10,AvtMor,0.0478307258731991,0.044025834222812255,0.05231708544179678
2030,TxPPM_LA-INJ,AvtInc,3.854274141697605e-4,1.7007386058863238e-5,0.0011031671867073494
2030,TxPPM_LA-INJ,AvtMor,2.2532518371048813e-4,1.3145255537401146e-6,0.0012259028018316309
2030,TxPPM_PAN-TB,AvtInc,4.5129795025204006e-4,9.76665668135123e-5,0.0011780352268174494
2030,TxPPM_PAN-TB,AvtMor,3.273321882075374e-4,9.178081679002019e-5,0.0013428107667884273
2030,Tx_LA-INJ,AvtInc,1.4257382557988333e-6,1.3468686748272e-6,1.5056887048180421e-6
2030,Tx_LA-INJ,AvtMor,1.7469621571675959e-6,1.4117072797692398e-6,2.1245211169860727e-6
2030,Tx_PAN-TB,AvtInc,7.173754211079435e-5,6.533988250454124e-5,8.172134891745646e-5
2030,Tx_PAN-TB,AvtMor,1.0517110379388428e-4,9.160603746604336e-5,1.1974537167292051e-4
2030,Vac_BCG,AvtInc,0.03402694927172016,0.03013937015108723,0.037960161117236234
2030,Vac_BCG,AvtMor,0.0215034756756301,0.01889135340599822,0.024167603008247007
2030,Vac_BCG-M72,AvtInc,0.08840639554975788,0.08185212001642975,0.09536125519450261
2030,Vac_BCG-M72,AvtMor,0.04700400141880129,0.04240672356199998,0.05049092845401213
2030,Vac_M72,AvtInc,0.08525999192983907,0.07880685756632855,0.09143821893483153
2030,Vac_M72,AvtMor,0.04519743712040396,0.041036841982191194,0.048647710994729254
2030,Vac_Recurrence,AvtInc,0.010057640314170814,0.009217196404918044,0.010939395806808612
2030,Vac_Recurrence,AvtMor,0.005214008226365859,0.004798728716975407,0.005659243827804833
2031,Baseline,AvtInc,0,0,0
2031,Baseline,AvtMor,0,0,0
2031,CombinePPM_Hi,AvtInc,0.16800616573054866,0.1538237194743371,0.18104535430691182
2031,CombinePPM_Hi,AvtMor,0.16535320866875156,0.1520608988254277,0.17741678931773305
2031,CombinePPM_Lo,AvtInc,0.07222497191776336,0.06391402468225031,0.08010545005617409
2031,CombinePPM_Lo,AvtMor,0.08477721881631933,0.07690240234800526,0.0926615609115504
2031,Combine_Hi,AvtInc,0.16740376002345225,0.15370530529832602,0.18069364251955983
2031,Combine_Hi,AvtMor,0.1646858913334171,0.15154840139326312,0.17659421584333945
2031,Combine_Lo,AvtInc,0.07183430176072611,0.06335059359901743,0.0794399821906645
2031,Combine_Lo,AvtMor,0.08430926592701073,0.07627945337183706,0.09196719621901629
2031,DxPPM_POC,AvtInc,0.025288923450189453,0.017426299430757356,0.031458498137860745
2031,DxPPM_POC,AvtMor,0.03829205028814378,0.027525025944378098,0.04737447617095642
2031,DxPPM_POC_Hi,AvtInc,0.018447125591982496,0.008962637636615058,0.025384264273948742
2031,DxPPM_POC_Hi,AvtMor,0.027285115280867564,0.013492252079456894,0.03916557970769937
2031,DxPPM_TSwab,AvtInc,0.0013171513425815962,7.429016066933818e-4,0.0023656846853633007
2031,DxPPM_TSwab,AvtMor,0.0015604312041848111,7.50828080524159e-4,0.002905669060428896
2031,Dx_POC,AvtInc,0.022797609932723898,0.01593549256983039,0.029246434529886914
2031,Dx_POC,AvtMor,0.034287329969575786,0.025245591444169928,0.043714671221753626
2031,Dx_POC_Hi,AvtInc,0.0166047091604902,0.008037690798717655,0.023116342699381
2031,Dx_POC_Hi,AvtMor,0.024236245622515074,0.012757550237130837,0.03618691472799985
2031,Dx_TSwab,AvtInc,7.330750325970873e-4,3.865308469389727e-4,0.001051530807132749
2031,Dx_TSwab,AvtMor,0.0010656453622248595,5.418728573739491e-4,0.0014755829597294333
2031,Mass_NAAT_20,AvtInc,0.052612593515166686,0.0465913337586602,0.05914915011940064
2031,Mass_NAAT_20,AvtMor,0.09512187606478271,0.08739740638196451,0.10419472264711967
2031,Mass_Xray_10,AvtInc,0.03082058539178555,0.027322073381700274,0.03462432615619347
2031,Mass_Xray_10,AvtMor,0.056025794571658294,0.051415529992572866,0.06173586656172721
2031,TxPPM_LA-INJ,AvtInc,4.8635475123649937e-4,3.0060095586403068e-5,0.0013670616747948796
2031,TxPPM_LA-INJ,AvtMor,2.9946272646032203e-4,9.946927263052182e-6,0.0014995727554408438
2031,TxPPM_PAN-TB,AvtInc,6.48823498934715e-4,2.310087565016809e-4,0.0015430880489688491
2031,TxPPM_PAN-TB,AvtMor,5.832342557471556e-4,2.671687904414654e-4,0.0017581301958996278
2031,Tx_LA-INJ,AvtInc,1.0697131429006105e-5,9.966798662982775e-6,1.1460660376829387e-5
2031,Tx_LA-INJ,AvtMor,1.126589320881139e-5,9.456070547466492e-6,1.3163299093224694e-5
2031,Tx_PAN-TB,AvtInc,1.8296140449062474e-4,1.6361564235145402e-4,2.1111399568726446e-4
2031,Tx_PAN-TB,AvtMor,2.7376096508702116e-4,2.4011021617320683e-4,3.1213546233100557e-4
2031,Vac_BCG,AvtInc,0.044530921249542,0.03910491525323236,0.049724171321552844
2031,Vac_BCG,AvtMor,0.030726082260726418,0.026781420744760934,0.03444090766292648
2031,Vac_BCG-M72,AvtInc,0.13190883494475936,0.12117993358357451,0.1423540702994902
2031,Vac_BCG-M72,AvtMor,0.08394815622013796,0.07497680975485362,0.08992486089570595
2031,Vac_M72,AvtInc,0.1266586858593044,0.11647307772466461,0.1362151623875695
2031,Vac_M72,AvtMor,0.08047726294672332,0.0722504381871201,0.0864529679803014
2031,Vac_Recurrence,AvtInc,0.01563204963372336,0.014338038611702488,0.016914272281907186
2031,Vac_Recurrence,AvtMor,0.009636228670570639,0.008867432500225056,0.010367923128768292
2032,Baseline,AvtInc,0,0,0
2032,Baseline,AvtMor,0,0,0
2032,CombinePPM_Hi,AvtInc,0.20836483079857293,0.18982366132521467,0.2253098865759538
2032,CombinePPM_Hi,AvtMor,0.20515910773270557,0.18686951696683196,0.2207250329656114
2032,CombinePPM_Lo,AvtInc,0.08706741802075266,0.07670581232769921,0.09679788622722167
2032,CombinePPM_Lo,AvtMor,0.10045758038831515,0.08974121044901157,0.10990990241872473
2032,Combine_Hi,AvtInc,0.20766543198915954,0.1891349550251548,0.22475095170460668
2032,Combine_Hi,AvtMor,0.2049065911086323,0.18635499500508856,0.2190924097828458
2032,Combine_Lo,AvtInc,0.08660839091819117,0.07604521077051582,0.09572425195400402
2032,Combine_Lo,AvtMor,0.099542328416936,0.08939650321790468,0.10871523153057082
2032,DxPPM_POC,AvtInc,0.029358459966154528,0.02045818292423565,0.03674930569422112
2032,DxPPM_POC,AvtMor,0.04265101437590215,0.03056417259753947,0.052588630012672735
2032,DxPPM_POC_Hi,AvtInc,0.021571947801764812,0.010503735387760086,0.0294570274028706
2032,DxPPM_POC_Hi,AvtMor,0.03077150740047052,0.015233264283441968,0.043293617341943584
2032,DxPPM_TSwab,AvtInc,0.0015424923588545371,8.619965304054407e-4,0.0027792779782548943
2032,DxPPM_TSwab,AvtMor,0.001788956869296289,8.933036182214246e-4,0.0033449362251843887
2032,Dx_POC,AvtInc,0.026432591479381137,0.018540757824249333,0.03384341586242447
2032,Dx_POC,AvtMor,0.038038733350427956,0.028085057173678284,0.04821433331962495
2032,Dx_POC_Hi,AvtInc,0.019095306408825764,0.009407702424805375,0.02672395743847071
2032,Dx_POC_Hi,AvtMor,0.02685360365172202,0.014216868678120711,0.039734254845172054
2032,Dx_TSwab,AvtInc,8.516426124828244e-4,4.4925844728593595e-4,0.0012330953047450866
2032,Dx_TSwab,AvtMor,0.0011950951006829194,6.157441016221897e-4,0.0016797339380443766
2032,Mass_NAAT_20,AvtInc,0.06280615701582547,0.05530356923278152,0.07090230136952817
2032,Mass_NAAT_20,AvtMor,0.10680033647565859,0.09806843215663136,0.11801766875141931
2032,Mass_Xray_10,AvtInc,0.03702932173902179,0.03262494155473679,0.041753595947825635
2032,Mass_Xray_10,AvtMor,0.06331430109265734,0.05803375972656986,0.07011844687448167
2032,TxPPM_LA-INJ,AvtInc,6.020768186739415e-4,6.260858266573412e-5,0.0016276579370659628
2032,TxPPM_LA-INJ,AvtMor,4.029578715444279e-4,3.963417182958644e-5,0.0017607738620342341
2032,TxPPM_PAN-TB,AvtInc,9.310638058322156e-4,4.667644883609589e-4,0.0020184493319155166
2032,TxPPM_PAN-TB,AvtMor,9.99026011333367e-4,5.952145020037796e-4,0.0023000256242102627
2032,Tx_LA-INJ,AvtInc,3.68222860359709e-5,3.399876926057565e-5,3.990681448479762e-5
2032,Tx_LA-INJ,AvtMor,4.066756529077812e-5,3.4858580073221855e-5,4.7240171065802625e-5
2032,Tx_PAN-TB,AvtInc,3.914797864181083e-4,3.4414759287111846e-4,4.566538106148135e-4
2032,Tx_PAN-TB,AvtMor,5.876514377451834e-4,5.04939086453579e-4,6.6845109554335e-4
2032,Vac_BCG,AvtInc,0.05437386445664959,0.04744000976415361,0.06086481818812853
2032,Vac_BCG,AvtMor,0.039982062051559984,0.03449963091353074,0.044899657024793156
2032,Vac_BCG-M72,AvtInc,0.16947484984852557,0.15485344811936558,0.1832860429522956
2032,Vac_BCG-M72,AvtMor,0.11977032838569734,0.10715135802585331,0.128973886830457
2032,Vac_M72,AvtInc,0.16226377203488052,0.14781036532789488,0.174742731108724
2032,Vac_M72,AvtMor,0.11460809967600516,0.10241619427454692,0.12343750979577742
2032,Vac_Recurrence,AvtInc,0.020831997835767228,0.019157781589045665,0.022471807142691966
2032,Vac_Recurrence,AvtMor,0.014254265278124574,0.013160063423624175,0.015262674006968503
2033,Baseline,AvtInc,0,0,0
2033,Baseline,AvtMor,0,0,0
2033,CombinePPM_Hi,AvtInc,0.24269654080036884,0.2205197554508949,0.2640175567520708
2033,CombinePPM_Hi,AvtMor,0.23998256321950656,0.2177866219930917,0.25844333213122694
2033,CombinePPM_Lo,AvtInc,0.10071353679946955,0.08821223117778507,0.11225488509793675
2033,CombinePPM_Lo,AvtMor,0.11486268520572215,0.102351532525621,0.12564845980795675
2033,Combine_Hi,AvtInc,0.24220320253226718,0.21970068055643768,0.26344757621945963
2033,Combine_Hi,AvtMor,0.2395555002779714,0.2173156869697316,0.2575444366443375
2033,Combine_Lo,AvtInc,0.10012645293742806,0.08743333080954228,0.11088206759154165
2033,Combine_Lo,AvtMor,0.11367958252233606,0.10114973624200817,0.12421575686730847
2033,DxPPM_POC,AvtInc,0.03292111772370575,0.02297502407445294,0.041626202430847116
2033,DxPPM_POC,AvtMor,0.04657150327020752,0.033097755111932026,0.057539546115510896
2033,DxPPM_POC_Hi,AvtInc,0.024382930046085556,0.011769078941630236,0.03309028349714278
2033,DxPPM_POC_Hi,AvtMor,0.0339410798977947,0.016783067002729045,0.04727036099915173
2033,DxPPM_TSwab,AvtInc,0.0017594386293731915,9.80171587059689e-4,0.003172235695833414
2033,DxPPM_TSwab,AvtMor,0.0020057054694552602,0.0010076075334246066,0.0037048445810935514
2033,Dx_POC,AvtInc,0.02963745294210722,0.020962494753937074,0.03819124482778785
2033,Dx_POC,AvtMor,0.04159633146245793,0.030856285243560815,0.052369038548260416
2033,Dx_POC_Hi,AvtInc,0.02107740381561734,0.010684485745209069,0.029997149811371037
2033,Dx_POC_Hi,AvtMor,0.02973175692272938,0.015607337298799038,0.04352161104137391
2033,Dx_TSwab,AvtInc,9.599135726280525e-4,5.098510300529716e-4,0.0014059858396417012
2033,Dx_TSwab,AvtMor,0.0013085873973484863,6.788854922497561e-4,0.0018577159149922812
2033,Mass_NAAT_20,AvtInc,0.07207508305672877,0.06306206612451398,0.08187589266630772
2033,Mass_NAAT_20,AvtMor,0.11808541034093192,0.10775318928489853,0.13012331957296694
2033,Mass_Xray_10,AvtInc,0.04271753620944569,0.03738777238510109,0.0484866189628141
2033,Mass_Xray_10,AvtMor,0.07021768853245039,0.06406802167957698,0.07764160270974724
2033,TxPPM_LA-INJ,AvtInc,7.290429198732345e-4,1.3244709963751477e-4,0.0019168651865566653
2033,TxPPM_LA-INJ,AvtMor,5.786511324921537e-4,1.1208062651989717e-4,0.0020522169026341588
2033,TxPPM_PAN-TB,AvtInc,0.0013962058471281278,8.530926911994015e-4,0.002614860629820283
2033,TxPPM_PAN-TB,AvtMor,0.0016479372189673563,0.0011053146568264704,0.003030013038209497
2033,Tx_LA-INJ,AvtInc,9.36359097116939e-5,8.517164097025773e-5,1.0295703612549186e-4
2033,Tx_LA-INJ,AvtMor,1.1097988592633129e-4,9.425041237333734e-5,1.272179028747983e-4
2033,Tx_PAN-TB,AvtInc,7.409104755270795e-4,6.43175192729778e-4,8.753741696719894e-4
2033,Tx_PAN-TB,AvtMor,0.0010860663837318984,9.194158409559691e-4,0.0012445254770618338
2033,Vac_BCG,AvtInc,0.06337266384744952,0.05494907209566454,0.07116859993461046
2033,Vac_BCG,AvtMor,0.04868105918440843,0.04184234441901575,0.05467462178518151
2033,Vac_BCG-M72,AvtInc,0.20160102625877813,0.18402367128011216,0.21878309198878954
2033,Vac_BCG-M72,AvtMor,0.15200108177218213,0.13601450991210862,0.16543551534960702
2033,Vac_M72,AvtInc,0.19253650034231268,0.17531415302018566,0.2090068539164141
2033,Vac_M72,AvtMor,0.14503502745718463,0.12985769776358358,0.15764399769852994
2033,Vac_Recurrence,AvtInc,0.025665702318304458,0.023771162177878485,0.02765419759184353
2033,Vac_Recurrence,AvtMor,0.018681078096090604,0.017404038347984756,0.01999843056318601
2034,Baseline,AvtInc,0,0,0
2034,Baseline,AvtMor,0,0,0
2034,CombinePPM_Hi,AvtInc,0.2730029096934455,0.24646554007881688,0.29759610597680647
2034,CombinePPM_Hi,AvtMor,0.270738008066858,0.24473841910723948,0.2917106111662007
2034,CombinePPM_Lo,AvtInc,0.11338308221882558,0.09855688891528369,0.1264052837474498
2034,CombinePPM_Lo,AvtMor,0.12770245122915957,0.11257588537316998,0.14012639547391972
2034,Combine_Hi,AvtInc,0.27237754632634587,0.2461734246267072,0.29714664466703605
2034,Combine_Hi,AvtMor,0.2696055831130434,0.2441375105019481,0.29116960068289555
2034,Combine_Lo,AvtInc,0.11256850513301575,0.09745288874906176,0.12528636956757078
2034,Combine_Lo,AvtMor,0.12657696675186933,0.11165752754016639,0.1387757215936263
2034,DxPPM_POC,AvtInc,0.03596578162429208,0.02548871570963112,0.0461045853196595
2034,DxPPM_POC,AvtMor,0.050137147095475273,0.03575618426873918,0.06196626573137752
2034,DxPPM_POC_Hi,AvtInc,0.026885123441305843,0.013052418093125599,0.03641454053088382
2034,DxPPM_POC_Hi,AvtMor,0.036672422789652104,0.018055770083986594,0.050607038407282506
2034,DxPPM_TSwab,AvtInc,0.0019437222613941409,0.0010917778530485818,0.0035381350692678783
2034,DxPPM_TSwab,AvtMor,0.002205023870145883,0.0011224384069014094,0.004037869314667404
2034,Dx_POC,AvtInc,0.03258668655706495,0.023191275917344364,0.041976969935895274
2034,Dx_POC,AvtMor,0.04440926919901335,0.03321136632003875,0.05641795197533034
2034,Dx_POC_Hi,AvtInc,0.022990513691356528,0.011830574065339836,0.03308872718771104
2034,Dx_POC_Hi,AvtMor,0.032029297208771706,0.016778890262293344,0.046379563276103944
2034,Dx_TSwab,AvtInc,0.0010599589191973907,5.620247608794553e-4,0.0015613519164197564
2034,Dx_TSwab,AvtMor,0.001400569115085847,7.242878597744396e-4,0.002016879377269954
2034,Mass_NAAT_20,AvtInc,0.08084790234515929,0.07015986736641262,0.0919329653810001
2034,Mass_NAAT_20,AvtMor,0.12781613825182206,0.11616740988937478,0.14118129573355195
2034,Mass_Xray_10,AvtInc,0.0478852804617416,0.041630370647399315,0.05472980582263601
2034,Mass_Xray_10,AvtMor,0.07634257860939357,0.06924441162752493,0.08462310249169694
2034,TxPPM_LA-INJ,AvtInc,9.079361226444613e-4,2.57949243704168e-4,0.0022627872337456223
2034,TxPPM_LA-INJ,AvtMor,7.737778754160063e-4,2.533739039354907e-4,0.0023985872385091727
2034,TxPPM_PAN-TB,AvtInc,0.002016488960583979,0.0014452281754321222,0.0033929864990941776
2034,TxPPM_PAN-TB,AvtMor,0.0025221440667269343,0.001808288934865226,0.004070854393747023
2034,Tx_LA-INJ,AvtInc,1.9579123487680286e-4,1.752640210644173e-4,2.1852806097834946e-4
2034,Tx_LA-INJ,AvtMor,2.3643591724544885e-4,2.0006022359735619e-4,2.7307583259689465e-4
2034,Tx_PAN-TB,AvtInc,0.0012678644191444228,0.0010911105540169857,0.0015019534098212545
2034,Tx_PAN-TB,AvtMor,0.0017802526730351376,0.0014972376174404378,0.0020719456687725004
2034,Vac_BCG,AvtInc,0.07168790288448844,0.061838969967724366,0.08082807789618163
2034,Vac_BCG,AvtMor,0.05681401650823313,0.048722556737104225,0.0642527575271295
2034,Vac_BCG-M72,AvtInc,0.2303495634876729,0.20919497190675596,0.2506514879499124
2034,Vac_BCG-M72,AvtMor,0.18060506957494066,0.16122185203243047,0.1975739103813119
2034,Vac_M72,AvtInc,0.21929860769900883,0.19859151445036782,0.23875692259818077
2034,Vac_M72,AvtMor,0.17199099720203803,0.15319501114880826,0.18832521111189884
2034,Vac_Recurrence,AvtInc,0.030269563022100543,0.028172983949030218,0.03245962302883215
2034,Vac_Recurrence,AvtMor,0.022961139197123177,0.021565570013984785,0.024478572348023704
2035,Baseline,AvtInc,0,0,0
2035,Baseline,AvtMor,0,0,0
2035,CombinePPM_Hi,AvtInc,0.29892984905234676,0.2692343334352004,0.3267281701427147
2035,CombinePPM_Hi,AvtMor,0.29684706612450806,0.26785224991750023,0.32139306178090127
2035,CombinePPM_Lo,AvtInc,0.12462531286723136,0.10757089601374033,0.13935029924237757
2035,CombinePPM_Lo,AvtMor,0.1394434828548964,0.12197775304660545,0.1531827275196212
2035,Combine_Hi,AvtInc,0.2981898838241735,0.2687167124590193,0.32637097246105584
2035,Combine_Hi,AvtMor,0.29629743564491134,0.2672660194808875,0.32012746963706773
2035,Combine_Lo,AvtInc,0.12386812810488582,0.10651825969638795,0.13834084354037424
2035,Combine_Lo,AvtMor,0.13821719876619498,0.12094125862154809,0.15245917890097133
2035,DxPPM_POC,AvtInc,0.03876474995119494,0.027484748023235597,0.0500323234239919
2035,DxPPM_POC,AvtMor,0.05316038469105597,0.03793993867202561,0.06597685029684255
2035,DxPPM_POC_Hi,AvtInc,0.029147461472064616,0.014204060620119457,0.039482650457407786
2035,DxPPM_POC_Hi,AvtMor,0.03835556533123866,0.019209429660269735,0.053706411888369304
2035,DxPPM_TSwab,AvtInc,0.00211680755228513,0.0011977460709316214,0.0038262797636784344
2035,DxPPM_TSwab,AvtMor,0.0023850168974811846,0.0012347659529297996,0.004373097466972714
2035,Dx_POC,AvtInc,0.035164654441493505,0.025293384539295513,0.04542162354609852
2035,Dx_POC,AvtMor,0.04718933883215057,0.03521972092521855,0.059962942331389255
2035,Dx_POC_Hi,AvtInc,0.02486417070062125,0.01289882646586758,0.03598312328304008
2035,Dx_POC_Hi,AvtMor,0.03426391968312446,0.017810331949242454,0.04887018664514505
2035,Dx_TSwab,AvtInc,0.0011518745266303827,6.067252817416008e-4,0.001699615568353969
2035,Dx_TSwab,AvtMor,0.0014864080489711095,7.664431924470068e-4,0.0021625174206792827
2035,Mass_NAAT_20,AvtInc,0.08862935286618948,0.07655129190853342,0.1014790215868432
2035,Mass_NAAT_20,AvtMor,0.13645279533421506,0.12354763186705024,0.1512656530287364
2035,Mass_Xray_10,AvtInc,0.052760729571769124,0.045634077526191565,0.06049784264495893
2035,Mass_Xray_10,AvtMor,0.08182964284155529,0.0739662242139401,0.0910087534764408
2035,TxPPM_LA-INJ,AvtInc,0.0011097500670738838,4.445439451016006e-4,0.0026051158368439733
2035,TxPPM_LA-INJ,AvtMor,0.0010246501743426204,4.59079518065431e-4,0.0027410824502486536
2035,TxPPM_PAN-TB,AvtInc,0.00286917701340972,0.002157519828103845,0.00431768986869358
2035,TxPPM_PAN-TB,AvtMor,0.003574724537806292,0.00267643747175657,0.005263641538278477
2035,Tx_LA-INJ,AvtInc,3.544599525133548e-4,3.1106272870226473e-4,3.9847096540653434e-4
2035,Tx_LA-INJ,AvtMor,0.00042325406680198817,3.5132723996546267e-4,4.870043473369584e-4
2035,Tx_PAN-TB,AvtInc,0.00196484774199309,0.001646150990956744,0.002328980219861515
2035,Tx_PAN-TB,AvtMor,0.002640929072322727,0.0022017347976656704,0.003117884354470842
2035,Vac_BCG,AvtInc,0.07960175938533108,0.06799989453662415,0.08984532424639688
2035,Vac_BCG,AvtMor,0.06465919395950144,0.054987830009701866,0.07342353945780493
2035,Vac_BCG-M72,AvtInc,0.2551818215567251,0.2309617335120718,0.2786793234154201
2035,Vac_BCG-M72,AvtMor,0.20620731654441146,0.18374142336029337,0.226670785487463
2035,Vac_M72,AvtInc,0.24259989821497485,0.21915544083623378,0.2649588036173032
2035,Vac_M72,AvtMor,0.19621441211032553,0.17429926520462122,0.21594430876030862
2035,Vac_Recurrence,AvtInc,0.03451516476026318,0.032206883276200526,0.03684203637853054
2035,Vac_Recurrence,AvtMor,0.02714397755334945,0.025493032390807004,0.028776495481300318
2036,Baseline,AvtInc,0,0,0
2036,Baseline,AvtMor,0,0,0
2036,CombinePPM_Hi,AvtInc,0.32145206958166495,0.28853727825128545,0.3525751525376847
2036,CombinePPM_Hi,AvtMor,0.32002813589816875,0.2880670863238027,0.34748621824172005
2036,CombinePPM_Lo,AvtInc,0.1349284745981617,0.11531158790876782,0.15141561147639027
2036,CombinePPM_Lo,AvtMor,0.1502553665396339,0.13040650822058647,0.16579090204758146
2036,Combine_Hi,AvtInc,0.32114032348341637,0.28812396595767553,0.3524216318721564
2036,Combine_Hi,AvtMor,0.31993239715672694,0.28651144413137736,0.34683811305758294
2036,Combine_Lo,AvtInc,0.13386683622764903,0.11454466587051332,0.14993408834909255
2036,Combine_Lo,AvtMor,0.14929742591051404,0.12945356613280218,0.16460963715300028
2036,DxPPM_POC,AvtInc,0.041360413624062085,0.029588817337600094,0.053731466715426765
2036,DxPPM_POC,AvtMor,0.05583724012208194,0.03988306990903495,0.06917932015699302
2036,DxPPM_POC_Hi,AvtInc,0.030768611773259215,0.015233395849621252,0.04214984000339767
2036,DxPPM_POC_Hi,AvtMor,0.0404408350979439,0.02005635623640883,0.056559076615523264
2036,DxPPM_TSwab,AvtInc,0.0022883440052348103,0.0012721536452880973,0.004143466617017471
2036,DxPPM_TSwab,AvtMor,0.002593450683972527,0.0013301188730735845,0.004650046989357674
2036,Dx_POC,AvtInc,0.03728754905653456,0.027189079844902934,0.04871470409679294
2036,Dx_POC,AvtMor,0.04955266003424434,0.03704379764389939,0.0633084945834362
2036,Dx_POC_Hi,AvtInc,0.026433846331864803,0.01380656136478475,0.038550155146530915
2036,Dx_POC_Hi,AvtMor,0.03593008845691506,0.018642218861810573,0.051424363993148564
2036,Dx_TSwab,AvtInc,0.0012305689930980916,0.00064663941548383935,0.0018108067087529755
2036,Dx_TSwab,AvtMor,0.001562769092268451,8.090825681130388e-4,0.002285295179573349
2036,Mass_NAAT_20,AvtInc,0.0956002043013425,0.0823400857688953,0.11020183472327542
2036,Mass_NAAT_20,AvtMor,0.1445922965103399,0.13002367316994218,0.16056668256693607
2036,Mass_Xray_10,AvtInc,0.05724569679003402,0.04915752863374128,0.06569135131374623
2036,Mass_Xray_10,AvtMor,0.08686792853836442,0.07801694329351555,0.09693203202710579
2036,TxPPM_LA-INJ,AvtInc,0.0013935684392307438,7.069039275684573e-4,0.0030253194190143504
2036,TxPPM_LA-INJ,AvtMor,0.0013809119024661277,7.020816423037281e-4,0.00315453089135594
2036,TxPPM_PAN-TB,AvtInc,0.003856103573027848,0.002941885235172907,0.005412240774151551
2036,TxPPM_PAN-TB,AvtMor,0.004751768479823806,0.00364229364604787,0.00650364361149528
2036,Tx_LA-INJ,AvtInc,5.728483607651619e-4,4.985464264474972e-4,6.546611592024484e-4
2036,Tx_LA-INJ,AvtMor,6.678984720833072e-4,5.494919429828109e-4,7.786076211715295e-4
2036,Tx_PAN-TB,AvtInc,0.00276493297910771,0.0022893629068546943,0.003286141771313331
2036,Tx_PAN-TB,AvtMor,0.003596970126993862,0.0029621865198245657,0.0042702456048767925
2036,Vac_BCG,AvtInc,0.08663041323081894,0.07391696877084176,0.09812364977490831
2036,Vac_BCG,AvtMor,0.07163209027483533,0.060608448452011486,0.0819028619862584
2036,Vac_BCG-M72,AvtInc,0.2772284467306566,0.25007043353719327,0.3036980618846816
2036,Vac_BCG-M72,AvtMor,0.22911441800061577,0.2032930591876449,0.2534180733183797
2036,Vac_M72,AvtInc,0.26321055118459225,0.2374836907828747,0.28783493751754136
2036,Vac_M72,AvtMor,0.21810250342053633,0.19288896042414497,0.2403276140234826
2036,Vac_Recurrence,AvtInc,0.03861328467368613,0.03600111608293759,0.04114133478952345
2036,Vac_Recurrence,AvtMor,0.031028403912115303,0.029155596127444117,0.03284488743874586
2037,Baseline,AvtInc,0,0,0
2037,Baseline,AvtMor,0,0,0
2037,CombinePPM_Hi,AvtInc,0.34122473662694885,0.3050663394603125,0.37523214748290523
2037,CombinePPM_Hi,AvtMor,0.34016342342604844,0.30573364878975934,0.37131507516147466
2037,CombinePPM_Lo,AvtInc,0.14406330390665117,0.1224715963810075,0.16245240946611114
2037,CombinePPM_Lo,AvtMor,0.15992921157818918,0.13782390416653847,0.17710696101118653
2037,Combine_Hi,AvtInc,0.3407134347793497,0.30492863717109137,0.37491166310878354
2037,Combine_Hi,AvtMor,0.3399391113440391,0.3039827247379207,0.3704110639928761
2037,Combine_Lo,AvtInc,0.14308685200833982,0.12200905835803681,0.16050127614868248
2037,Combine_Lo,AvtMor,0.15860028858244135,0.13700909281647647,0.1762485162327867
2037,DxPPM_POC,AvtInc,0.0436346622601572,0.031115926946137965,0.05707508523232654
2037,DxPPM_POC,AvtMor,0.05794188414095756,0.041613987014581744,0.07219909275829446
2037,DxPPM_POC_Hi,AvtInc,0.03224732722049495,0.01595670191243917,0.044501258330084455
2037,DxPPM_POC_Hi,AvtMor,0.04231695293399661,0.020941624845682603,0.058968579654955076
2037,DxPPM_TSwab,AvtInc,0.002420657793454635,0.0013373460629466784,0.004401247401367139
2037,DxPPM_TSwab,AvtMor,0.0027550249247249507,0.0014195285179966477,0.004960800623786583
2037,Dx_POC,AvtInc,0.03940356047773859,0.028910632176813236,0.051662898625994075
2037,Dx_POC,AvtMor,0.05192508487316745,0.03864351673901751,0.06605777259962796
2037,Dx_POC_Hi,AvtInc,0.027874937426507942,0.014570532329083608,0.04100893836821857
2037,Dx_POC_Hi,AvtMor,0.037475250525844786,0.019625323598766658,0.05350062076920846
2037,Dx_TSwab,AvtInc,0.0012958268252306975,6.85711184252026e-4,0.0019160047774992644
2037,Dx_TSwab,AvtMor,0.0016254689972291041,8.431372588766252e-4,0.002394669065055427
2037,Mass_NAAT_20,AvtInc,0.10252815036359106,0.08754781633394776,0.1181475898229574
2037,Mass_NAAT_20,AvtMor,0.1514615629632698,0.13602851219788467,0.16880764953144106
2037,Mass_Xray_10,AvtInc,0.06132514923082396,0.052386070536125,0.0706072345535611
2037,Mass_Xray_10,AvtMor,0.09141746716136849,0.08169084811874286,0.10212143153343327
2037,TxPPM_LA-INJ,AvtInc,0.0017254001557928105,0.0010098378261350605,0.0033866376233734046
2037,TxPPM_LA-INJ,AvtMor,0.0017706170988333728,0.0010336433357970062,0.003722810430000615
2037,TxPPM_PAN-TB,AvtInc,0.004877143597389952,0.003783395722834334,0.006660731259845629
2037,TxPPM_PAN-TB,AvtMor,0.005975038763305747,0.004567894348372555,0.007774007325329497
2037,Tx_LA-INJ,AvtInc,8.497951117538809e-4,7.280631865094725e-4,9.787297456101975e-4
2037,Tx_LA-INJ,AvtMor,9.676986216013911e-4,7.914357494671142e-4,0.0011449908018249745
2037,Tx_PAN-TB,AvtInc,0.0036407671779363666,0.002974609454989736,0.004337869432704758
2037,Tx_PAN-TB,AvtMor,0.004569977509699879,0.003733785987849061,0.005496073062208348
2037,Vac_BCG,AvtInc,0.09300987484022394,0.07900044387664683,0.10579348542673464
2037,Vac_BCG,AvtMor,0.07818050634409245,0.06567992741696638,0.08979221756149916
2037,Vac_BCG-M72,AvtInc,0.2961829284784034,0.2665076561830505,0.3254686951783667
2037,Vac_BCG-M72,AvtMor,0.24944306792018772,0.22103425879360153,0.27710642997199497
2037,Vac_M72,AvtInc,0.2817254911097616,0.2527713543415684,0.3089190836561914
2037,Vac_M72,AvtMor,0.23710971514141518,0.20936078272755665,0.26253279780465605
2037,Vac_Recurrence,AvtInc,0.04239779773041759,0.03968002899613649,0.04514545203715987
2037,Vac_Recurrence,AvtMor,0.03468597029372425,0.032569961067847444,0.036646779234402876
2038,Baseline,AvtInc,0,0,0
2038,Baseline,AvtMor,0,0,0
2038,CombinePPM_Hi,AvtInc,0.3586031764013997,0.3197715275641489,0.39529279697411523
2038,CombinePPM_Hi,AvtMor,0.35785193806426197,0.32104047805028146,0.39171989792257256
2038,CombinePPM_Lo,AvtInc,0.15272948171660872,0.128995446936834,0.17227596964581882
2038,CombinePPM_Lo,AvtMor,0.16865797909196592,0.14498369586471185,0.18772928901091945
2038,Combine_Hi,AvtInc,0.35813202213041573,0.31941745450773057,0.39465297031629365
2038,Combine_Hi,AvtMor,0.35733214008536496,0.3195507646424468,0.3910265872666415
2038,Combine_Lo,AvtInc,0.15135772794842356,0.1283848634539902,0.17003605690265805
2038,Combine_Lo,AvtMor,0.16728041422020942,0.14402272116203899,0.1859687292254114
2038,DxPPM_POC,AvtInc,0.04569832394907897,0.03245338571355075,0.05990132058325281
2038,DxPPM_POC,AvtMor,0.060049954824941396,0.0432785111975704,0.074931892117023835
2038,DxPPM_POC_Hi,AvtInc,0.03326776994160146,0.016671689571814936,0.04664355736160033
2038,DxPPM_POC_Hi,AvtMor,0.04363688788070941,0.021857307908999844,0.06126413367676179
2038,DxPPM_TSwab,AvtInc,0.002546527419864564,0.0013910677085601192,0.004618818574866882
2038,DxPPM_TSwab,AvtMor,0.0028730454480221917,0.001495546788443024,0.005233339922542656
2038,Dx_POC,AvtInc,0.04114945897502066,0.03028432594312308,0.054016511299107124
2038,Dx_POC,AvtMor,0.05419916038539722,0.04006063274702286,0.06870963233193865
2038,Dx_POC_Hi,AvtInc,0.029203544731338328,0.01523271216704527,0.04313028957480082
2038,Dx_POC_Hi,AvtMor,0.038869768274236785,0.020386768589713083,0.05515862674165975
2038,Dx_TSwab,AvtInc,0.0013569592722183516,7.151113250471364e-4,0.002003831152940788
2038,Dx_TSwab,AvtMor,0.0016836810490533877,8.725869064236669e-4,0.002486629453446908
2038,Mass_NAAT_20,AvtInc,0.10860372684142766,0.09232504800647783,0.1254672164671276
2038,Mass_NAAT_20,AvtMor,0.15798940332366398,0.14121628791958402,0.176681168361252
2038,Mass_Xray_10,AvtInc,0.06519945591025508,0.05547448510097559,0.0752538973912816
2038,Mass_Xray_10,AvtMor,0.0956404124368164,0.08515309483081882,0.10743271001848693
2038,TxPPM_LA-INJ,AvtInc,0.00214388231574162,0.0013689378813724366,0.003787393240519485
2038,TxPPM_LA-INJ,AvtMor,0.002224213027887608,0.0013988330613509139,0.004182539575948618
2038,TxPPM_PAN-TB,AvtInc,0.005906778415201366,0.004654095425653698,0.007821077096107975
2038,TxPPM_PAN-TB,AvtMor,0.007148628251236395,0.005445719778850585,0.00915371325351863
2038,Tx_LA-INJ,AvtInc,0.0011809049307301845,9.993223310978446e-4,0.001363212065307845
2038,Tx_LA-INJ,AvtMor,0.001318206618033629,0.0010678525437209185,0.001571667743737574
2038,Tx_PAN-TB,AvtInc,0.004509753592474483,0.0036396362938980694,0.005443652798755246
2038,Tx_PAN-TB,AvtMor,0.0055049254137697606,0.004489959905305163,0.006706880991070506
2038,Vac_BCG,AvtInc,0.09863872605039473,0.08325770820132859,0.11278437451369039
2038,Vac_BCG,AvtMor,0.08404397509798153,0.07033723215876156,0.09676175379608634
2038,Vac_BCG-M72,AvtInc,0.31370176976622766,0.2804861142982912,0.34578039416485223
2038,Vac_BCG-M72,AvtMor,0.2670098178083808,0.23630636931539203,0.29768021854715393
2038,Vac_M72,AvtInc,0.2987472743154542,0.26600480374161584,0.32828614014268087
2038,Vac_M72,AvtMor,0.25324900852545784,0.22388147174763828,0.28255216668858807
2038,Vac_Recurrence,AvtInc,0.04598513523676491,0.04297728178067822,0.04885890545593877
2038,Vac_Recurrence,AvtMor,0.038173912002286745,0.035874187352486445,0.04033352808067025
2039,Baseline,AvtInc,0,0,0
2039,Baseline,AvtMor,0,0,0
2039,CombinePPM_Hi,AvtInc,0.3742475955338611,0.33241537286080225,0.4130095114527677
2039,CombinePPM_Hi,AvtMor,0.3732734416774227,0.3341444571453994,0.4098525033178426
2039,CombinePPM_Lo,AvtInc,0.160501306210208,0.13470857525338018,0.18121823733223358
2039,CombinePPM_Lo,AvtMor,0.17645885412763865,0.15099175143582358,0.19724051418039787
2039,Combine_Hi,AvtInc,0.3733000936176175,0.3321004397491328,0.41224126325347943
2039,Combine_Hi,AvtMor,0.37265909705123224,0.3331774460714535,0.4097713728799669
2039,Combine_Lo,AvtInc,0.15906416022716305,0.13406858096981816,0.17879189286261168
2039,Combine_Lo,AvtMor,0.17528032688555506,0.14955642507632197,0.19511810726245082
2039,DxPPM_POC,AvtInc,0.04728895584881811,0.03393167433768397,0.06210749922038986
2039,DxPPM_POC,AvtMor,0.062220572247940836,0.0444433958389671,0.07741256340866898
2039,DxPPM_POC_Hi,AvtInc,0.03466093189721971,0.01746851327879507,0.04865815042187249
2039,DxPPM_POC_Hi,AvtMor,0.04491951583116298,0.022640418352104227,0.06349873937950676
2039,DxPPM_TSwab,AvtInc,0.0026505782299653014,0.001450480259598659,0.004810506684011558
2039,DxPPM_TSwab,AvtMor,0.0029837920929203904,0.0015731086251012092,0.0054842988219874775
2039,Dx_POC,AvtInc,0.042562239825950185,0.03155447470102294,0.056157476553385446
2039,Dx_POC,AvtMor,0.05586592375611853,0.041390425081779564,0.07091432298835144
2039,Dx_POC_Hi,AvtInc,0.03057725348390803,0.015877879296792394,0.044872625206119295
2039,Dx_POC_Hi,AvtMor,0.039915722145368884,0.021088486180029842,0.056998647551443786
2039,Dx_TSwab,AvtInc,0.0014192627623775772,7.398298208483466e-4,0.0020942614541247886
2039,Dx_TSwab,AvtMor,0.0017368744021090403,9.006504474430307e-4,0.0025590451377975995
2039,Mass_NAAT_20,AvtInc,0.11399745902571058,0.09707987852396392,0.13216952045681402
2039,Mass_NAAT_20,AvtMor,0.16371642234665965,0.1455800536073908,0.18378206194523009
2039,Mass_Xray_10,AvtInc,0.06864487287605348,0.05821359980548671,0.07942881151290203
2039,Mass_Xray_10,AvtMor,0.09929922750773011,0.08786960073621997,0.11194802071162618
2039,TxPPM_LA-INJ,AvtInc,0.002593752848421888,0.001784549311640959,0.00435140517928451
2039,TxPPM_LA-INJ,AvtMor,0.0026724256436962395,0.00179015690036861,0.004753220780474311
2039,TxPPM_PAN-TB,AvtInc,0.006997926970646249,0.005469228655934881,0.008924519961679684
2039,TxPPM_PAN-TB,AvtMor,0.00825577371180825,0.006311463982226082,0.010479531045970387
2039,Tx_LA-INJ,AvtInc,0.0015498378033583352,0.0013044313067030163,0.0017964844687916467
2039,Tx_LA-INJ,AvtMor,0.0017019645797630325,0.0013734887867908336,0.00204514799875732
2039,Tx_PAN-TB,AvtInc,0.005366508683493828,0.00430892201909426,0.006533225919031065
2039,Tx_PAN-TB,AvtMor,0.0064226778152570016,0.005199414066233714,0.007901177640207533
2039,Vac_BCG,AvtInc,0.10368739820996695,0.0874096547009392,0.11897284291466809
2039,Vac_BCG,AvtMor,0.08952437670377265,0.07433139646731077,0.1033228966043637
2039,Vac_BCG-M72,AvtInc,0.32913112071193973,0.29236571404910033,0.36320858519464727
2039,Vac_BCG-M72,AvtMor,0.28254935126936764,0.24971206620863512,0.31647551889695075
2039,Vac_M72,AvtInc,0.3136163353540698,0.27774314714677034,0.3444276626356677
2039,Vac_M72,AvtMor,0.26807220246279606,0.23671131633684916,0.3000692969334397
2039,Vac_Recurrence,AvtInc,0.049291987908774676,0.04610530527062119,0.05221895788638601
2039,Vac_Recurrence,AvtMor,0.041472790729868245,0.038912852742568,0.043729330860832666
2040,Baseline,AvtInc,0,0,0
2040,Baseline,AvtMor,0,0,0
2040,CombinePPM_Hi,AvtInc,0.38803313946353596,0.3434798868433252,0.42867193875613346
2040,CombinePPM_Hi,AvtMor,0.38694540353288,0.3450825957666837,0.42648890228230174
2040,CombinePPM_Lo,AvtInc,0.16743851041243485,0.1400183552996382,0.18953893104309044
2040,CombinePPM_Lo,AvtMor,0.1835683594462597,0.1563400693393106,0.20574997658343044
2040,Combine_Hi,AvtInc,0.38698648264901175,0.343196322432931,0.42827601024717266
2040,Combine_Hi,AvtMor,0.38628536162289684,0.34468824997666037,0.42596558571837734
2040,Combine_Lo,AvtInc,0.16584412019923983,0.13914081038417578,0.18676048046837013
2040,Combine_Lo,AvtMor,0.18243863145764355,0.15492201346410345,0.20370345698570386
2040,DxPPM_POC,AvtInc,0.049053217785926556,0.03528645578192889,0.06404573310002545
2040,DxPPM_POC,AvtMor,0.06388468700491126,0.045779529762759945,0.07941829016570896
2040,DxPPM_POC_Hi,AvtInc,0.03606892051689861,0.018179566088830885,0.05019742723143297
2040,DxPPM_POC_Hi,AvtMor,0.04592143793815677,0.023281641501000032,0.06582154585564019
2040,DxPPM_TSwab,AvtInc,0.0027360808856227332,0.0015089898431177957,0.004977264890297839
2040,DxPPM_TSwab,AvtMor,0.003095636128335305,0.0016173153237893502,0.005687819310702332
2040,Dx_POC,AvtInc,0.044014175217441436,0.03243649613643153,0.05843998984106174
2040,Dx_POC,AvtMor,0.057085252957104426,0.042515703472660954,0.07291055786024486
2040,Dx_POC_Hi,AvtInc,0.031596558650978046,0.01648568794797225,0.04657840680104546
2040,Dx_POC_Hi,AvtMor,0.040742865267518594,0.02170612229899542,0.05867272832081818
2040,Dx_TSwab,AvtInc,0.0014542633145205727,7.659130070897797e-4,0.0021732987698782364
2040,Dx_TSwab,AvtMor,0.0017742880211894109,9.349028881923872e-4,0.002646692226226213
2040,Mass_NAAT_20,AvtInc,0.1188700594922705,0.1003493998326906,0.13804412426489157
2040,Mass_NAAT_20,AvtMor,0.1689984576332222,0.14958908365582896,0.19040907298632562
2040,Mass_Xray_10,AvtInc,0.07167858312892848,0.060500963967952716,0.08343849538039849
2040,Mass_Xray_10,AvtMor,0.10252659759449524,0.09051187592503643,0.11601624101699842
2040,TxPPM_LA-INJ,AvtInc,0.003084713919089359,0.0022000474280330904,0.004885552268558969
2040,TxPPM_LA-INJ,AvtMor,0.003197392542639741,0.0021723936094613333,0.005395501625077672
2040,TxPPM_PAN-TB,AvtInc,0.007845774755386017,0.006194947397567483,0.01006666471454776
2040,TxPPM_PAN-TB,AvtMor,0.009249303600104453,0.007127479234979224,0.011768960806296951
2040,Tx_LA-INJ,AvtInc,0.0019427704247219138,0.001620806843494305,0.0022694464826685675
2040,Tx_LA-INJ,AvtMor,0.0020960335135791156,0.0016835613257929303,0.0025282391923212313
2040,Tx_PAN-TB,AvtInc,0.0062198591349559035,0.004951471518335479,0.007565932684312784
2040,Tx_PAN-TB,AvtMor,0.007308120964853487,0.005864577141662929,0.0090512618890005
2040,Vac_BCG,AvtInc,0.10834977245447545,0.09110240783967348,0.12438936213234358
2040,Vac_BCG,AvtMor,0.09447338321305067,0.07806372423956989,0.10925271218451259
2040,Vac_BCG-M72,AvtInc,0.3428409894244754,0.3031342497533827,0.37837049164496606
2040,Vac_BCG-M72,AvtMor,0.2967554904057483,0.26081034827090166,0.3327089722074164
2040,Vac_M72,AvtInc,0.3262056793451443,0.2881719910385,0.35902081565899885
2040,Vac_M72,AvtMor,0.2815021868403882,0.2480319606113915,0.3156569808236082
2040,Vac_Recurrence,AvtInc,0.05254426644268244,0.04908828987211038,0.055511628117393075
2040,Vac_Recurrence,AvtMor,0.04451362478019559,0.04172745418560713,0.04693814644097083
